[{
  "_id": {
    "$oid": "684d67d336c5bbcccd2b557a"
  },
  "hospitalId": "1284",
  "facilities": [
    "24/7 Emergenc",
    "Pharmay",
    "Cafeteria",
    "Parking"
  ],
  "labs": [
    {
      "name": "CentralPathology Lab",
      "servicesOffered": [
        "Blood Test",
        "Urine Test",
        "Biopsy"
      ],
      "contactNumber": "9123456789",
      "isOpen24x7": false,
      "_id": {
        "$oid": "684d82aa7638713494481c17"
      }
    },
    {
      "name": "RadiologyDepartment",
      "servicesOffered": [
        "X-Ray",
        "MRI",
        "CT Scan",
        "KK"
      ],
      "isOpen24x7": false,
      "_id": {
        "$oid": "684d82aa7638713494481c18"
      }
    }
  ],
  "departments": [
    {
      "name": "Cardiology",
      "headOfDepartment": "Dr. R. Sharma",
      "contactNumber": "9876512345",
      "description": "Specializes in heart diseases.",
      "total_number_Doctor": "15",
      "_id": {
        "$oid": "684d82aa7638713494481c15"
      }
    },
    {
      "name": "Pediatrics",
      "description": "Child care specialists.",
      "total_number_Doctor": "10",
      "_id": {
        "$oid": "684d82aa7638713494481c16"
      }
    }
  ],
  "createdAt": {
    "$date": "2025-06-14T12:15:15.314Z"
  },
  "updatedAt": {
    "$date": "2025-06-14T12:15:15.319Z"
  },
  "__v": 0
}]