[{
  "_id": {
    "$oid": "684b3dc0057a3d6299f9805d"
  },
  "name": "vijay1",
  "gender": "Male",
  "dateOfBirth": "22/08/4e44",
  "email": "nider@gmail.com",
  "mobileNumber": "778878789r",
  "passwordHash": "$2b$10$0xq7mIc.lYQ6wSlqKlIxQ.9Klojx7fmBT0ARuvnwltKIxLv1wMweW",
  "userId": "s6c27vuh",
  "__v": 0
},
{
  "_id": {
    "$oid": "684b3f19a8b2182e15902c39"
  },
  "name": "vijay",
  "gender": "Male",
  "dateOfBirth": "22/08/4e44",
  "email": "nidr@gmail.com",
  "mobileNumber": "778878789r",
  "passwordHash": "$2b$10$j2TKgzLPoPwIjQdnegPX6.Ufqkte533aaa6OI1b8swehIt4ow5Y5S",
  "userId": "qrumv7p1",
  "__v": 0
},
{
  "_id": {
    "$oid": "684b3f6576e41359bce89aa8"
  },
  "name": "vijay",
  "gender": "Male",
  "dateOfBirth": "22/08/4e44",
  "email": "nid@gmail.com",
  "mobileNumber": "77887878",
  "passwordHash": "$2b$10$ow46h3gMyIzF.AXpoYCI5OQ4Gu2GxwUt3pvoFIMJOl1ajm9YISvWm",
  "userId": "i30kcc9o",
  "__v": 0
},
{
  "_id": {
    "$oid": "684b3fcfdb8e594f55ce6490"
  },
  "name": "vijay",
  "gender": "Male",
  "dateOfBirth": "22/08/4e44",
  "email": "nid@gmail.com",
  "mobileNumber": "77887878",
  "passwordHash": "$2b$10$28lSGnfSGfXJKZifPaRKEuOOlTnENQzbbY5ws2sseD8u/8CSte9Ni",
  "userId": "29569288",
  "__v": 0
},
{
  "_id": {
    "$oid": "684b3ff023a4ef77ce4eb7ef"
  },
  "name": "vijay",
  "gender": "Male",
  "dateOfBirth": "22/08/4e44",
  "email": "nid@gmail.com",
  "mobileNumber": "77887878",
  "passwordHash": "$2b$10$WnHLWMRcfngFlawBm/PA7eZ92CZXss.khyG/WV84UzEJkqtfeBGh2",
  "userId": "9860",
  "__v": 0
},
{
  "_id": {
    "$oid": "684b403359f3d8772de6bf61"
  },
  "name": "vijay",
  "gender": "Male",
  "dateOfBirth": "22/08/4e44",
  "email": "nid@gmail.com",
  "mobileNumber": "77887878",
  "passwordHash": "$2b$10$9pP1DoZAz1gnhWyMRKrAUu3Xl0TInw8y.2w4OoZ//r8MsiQLPUssG",
  "userId": "4300",
  "__v": 0
},
{
  "_id": {
    "$oid": "684b4049b4e25dd6c9ed8945"
  },
  "name": "vijay",
  "gender": "Male",
  "dateOfBirth": "22/08/4e44",
  "email": "nid@gmail.com",
  "mobileNumber": "77887878",
  "passwordHash": "$2b$10$6Hl2ChNWWEW0fvINU2KdCuQpmuAZUqx1.we7Qks0ZYKL5cMvBB/am",
  "userId": "4036",
  "__v": 0
},
{
  "_id": {
    "$oid": "684b406fb4e25dd6c9ed8947"
  },
  "name": "vijay",
  "gender": "Male",
  "dateOfBirth": "22/08/1999",
  "email": "nidiganti@gmail.com",
  "mobileNumber": "77887878",
  "passwordHash": "$2b$10$hpKXTpZeyMNuXyPT2xat..fuR7hhF9GZIcNs.37TsdzHFTakCP7TO",
  "userId": "9567",
  "__v": 0,
  "sessionToken": "eyJhbGciOiJIUzI1NiIsInR5cCI6IkpXVCJ9.eyJleHAiOjE3NTAxOTgyMDUsImRhdGEiOnsiX2lkIjoiNjg0YjQwNmZiNGUyNWRkNmM5ZWQ4OTQ3IiwiZW1haWwiOiJuaWRpZ2FudGlAZ21haWwuY29tIn0sImlhdCI6MTc1MDE5NDYwNX0.U8_cE-_X2CO-B4dmhh6IcvJ1YnmQ-tPAgKp1JbiYSpc"
},
{
  "_id": {
    "$oid": "6851dc5efab95f1d80ea26cc"
  },
  "name": "Nidiganti Vijay",
  "email": "nidigantivijay@gmail.com",
  "googleId": "112272289529243888363",
  "userId": "3744",
  "__v": 0
}]