[{
  "_id": {
    "$oid": "684eba8f00f972586c4a8ad0"
  },
  "patientId": "9567",
  "doctorId": "5347",
  "hospitalId": "1284",
  "appointmentDate": "2025-07-20T00:00:00.000Z",
  "appointmentTime": "11:30 AM",
  "reasonForAppointment": "Routine checkup  consultation for ongoing cough.",
  "appointmentType": "In-person visit",
  "status": "Scheduled",
  "bookingSource": "Online Portal",
  "bookedByID": "USER_ID_FOR_BOOKING",
  "confirmationSent": true,
  "reminderSent": true,
  "patientNotes": "Patient prefers morning appointments.Allergic to penicillin.",
  "doctorNotes": "hi",
  "reportUrls": [
    "https://example.com/reports/patientX_report1.pdf",
    "https://example.com/reports/patientX_report2.png",
    "https://example.com/reports/patientX_report2.png"
  ],
  "meetingPlatform": "Google Meet",
  "paymentStatus": "Pending",
  "paymentAmount": 600,
  "currency": "INR",
  "paymentMethod": "Credit Card",
  "transactionId": "TXN_APP_922287654321",
  "cancellationReason": "no",
  "rescheduledFrom": {
    "originalAppointmentId": "32200",
    "originalDate": "2025-05-15T00:00:00.000Z",
    "originalTime": "10:00 AM",
    "_id": {
      "$oid": "684eba8f00f972586c4a8ad1"
    }
  },
  "statusHistory": [
    {
      "status": "Scheduled",
      "timestamp": "2025-6-16T10:00:00.000Z",
      "changedBy": "USER_ID_FOR_BOOKING"
    },
    {
      "status": "Scheduled",
      "timestamp": {
        "$date": "2025-06-15T12:21:08.683Z"
      },
      "changedBy": null
    }
  ],
  "appointmentId": "57304",
  "createdAt": {
    "$date": "2025-06-15T12:20:31.585Z"
  },
  "updatedAt": {
    "$date": "2025-06-15T12:21:08.683Z"
  },
  "__v": 0
}]