[{
  "_id": {
    "$oid": "684eb2fc17e38c74a7c17804"
  },
  "name": "Dr. Aarav Singh",
  "email": "aarav.singh@example.com",
  "mobileNumber": "9876512345",
  "gender": "Male",
  "dateOfBirth": {
    "$date": "1985-07-15T00:00:00.000Z"
  },
  "specialization": "Cardiology",
  "qualification": [
    "MBBS",
    "MD - Internal Medicine",
    "DM - Cardiology"
  ],
  "experienceYears": 15,
  "hospitalId": "1284",
  "profileImageUrl": "https://example.com/aarav-singh.jpg",
  "patientNotes": [
    {
      "patientId": "60d0fe4f5311236168a109b2",
      "notes": "Patient presented with chest pain, prescribed ECG and further tests.",
      "_id": {
        "$oid": "684eb2fc17e38c74a7c17805"
      },
      "createdAt": {
        "$date": "2025-06-15T11:48:12.100Z"
      }
    }
  ],
  "status": "Available",
  "daysAvailable": [
    "Monday",
    "Wednesday",
    "Friday"
  ],
  "workingHours": [
    {
      "day": "Monday",
      "startTime": "09:00 AM",
      "endTime": "01:00 PM",
      "_id": {
        "$oid": "684eb2fc17e38c74a7c17806"
      }
    },
    {
      "day": "Wednesday",
      "startTime": "10:00 AM",
      "endTime": "04:00 PM",
      "_id": {
        "$oid": "684eb2fc17e38c74a7c17807"
      }
    }
  ],
  "doctorId": "5347",
  "createdAt": {
    "$date": "2025-06-15T11:48:12.103Z"
  },
  "updatedAt": {
    "$date": "2025-06-15T11:48:12.116Z"
  },
  "__v": 0
}]