[{
  "_id": {
    "$oid": "684d66463169327ce01a296a"
  },
  "name": "Healing Hands Group of Hospitals",
  "email": "info.healinghand@example.com",
  "phoneNumber": "6543233",
  "ambulanceNumber": "998877333",
  "address": {
    "street": "101 Health Ave",
    "city": "Bglr",
    "state": "Kr",
    "zipCode": "56",
    "country": "IND"
  },
  "location": {
    "type": "Point",
    "coordinates": [
      7.506,
      1.917
    ]
  },
  "hospitalType": "Multi  Hospitals",
  "imageUrl": "https://example.com/healing-hands.pg",
  "averageRating": 4,
  "hospitalId": "1284",
  "createdAt": {
    "$date": "2025-06-14T12:08:38.102Z"
  },
  "updatedAt": {
    "$date": "2025-06-14T12:08:38.108Z"
  },
  "__v": 0
}]